# P21-T03 — judgement table, part F: the critical and high threats of docs/THREAT_MODEL.md.
# Threats are not covered by a traceability matrix row, so every reference here is a full path::Function.
# Columns: id;risk;actors;states;positive;negative;limit;authorization;concurrency;idempotency;failure;authorization_text;concurrency_text;idempotency_text;security_text;privacy_text;not_applicable
QUAL-THR-AUTH-01;Q0;visitor,adversary;session;internal/platform/security/cookies_test.go::TestCookieAttributesByEnvironment,internal/platform/security/lifecycle_test.go::TestPostLoginRotation;internal/platform/security/lifecycle_test.go::TestPostLogoutLifecycle,internal/identity/adapters/http/sessions_http_test.go::TestSessionRotationEndsTheOldTokenAndIssuesANewOne;internal/identity/application/session_test.go::TestAuthenticateSessionLifecycleAndThrottling;internal/identity/adapters/http/sessions_http_test.go::TestSessionEndpointsRequireASession;internal/identity/adapters/http/sessions_http_test.go::TestSessionRevocationIsAtomicUnderConcurrency;internal/platform/security/lifecycle_test.go::TestManagerChaining_FullPipeline;A sessão é do titular: rota autenticada recusa token ausente, expirado ou revogado.;A revogação é atômica sob concorrência, e a rotação consome o token anterior.;O token consumido não autentica de novo, nem depois do logout.;Token opaco com hash no banco, cookie HttpOnly/Secure/SameSite, rotação e expiração inativa e absoluta.;O cookie não carrega identidade legível, e a sessão nunca é adotada do cliente.;
QUAL-THR-AUTH-03;Q0;adversary;csrf;internal/platform/security/csrf_test.go::TestCSRFMiddleware_SameOriginSubmissionCarriesItsOrigin;internal/platform/security/csrf_test.go::TestCSRFMiddleware_MutatingMethods_Enforcement,internal/platform/security/csrf_test.go::TestCSRFMiddleware_CrossOriginValidation;;;;;O pedido mutante só passa com token de duplo envio assinado e origem conferida.;A verificação é por requisição e não guarda estado entre pedidos.;A verificação é pura: repetir o pedido reusa a mesma decisão.;HMAC-SHA256 sobre o token, comparação em tempo constante, SameSite=Lax e métodos seguros isentos.;O token CSRF não identifica a pessoa e não entra em log.;limit=A política é categórica por método: seguro isento, mutante exigido, então não há limiar nesta regra+authorization=O token assinado é a própria autorização do pedido, sem papel de conta a conferir+concurrency=A verificação é por requisição e sem estado compartilhado, então não há corrida nesta regra+idempotency=A verificação não altera estado, então repetir reusa a mesma decisão
QUAL-THR-AUTH-04;Q0;adversary,account;password-reset;internal/identity/application/password_reset_test.go::TestPasswordReset_SuccessAndReplayRejection;internal/identity/application/password_reset_test.go::TestPasswordReset_ExpiredTokenRejection,internal/identity/application/password_reset_test.go::TestPasswordReset_ReissuanceInvalidatesPreviousToken;internal/identity/application/password_reset_test.go::TestPasswordReset_ExpiredTokenRejection;;internal/identity/adapters/postgres/password_reset_test.go::TestRepository_PasswordResetConcurrentRace;internal/identity/application/password_reset_test.go::TestPasswordReset_SuccessAndReplayRejection;A posse do token é a autorização, e o token é de uso único com validade curta.;Duas confirmações com o mesmo token são resolvidas pela corrida do repositório.;Reemitir invalida o token anterior, e o consumo é único.;Token CSPRNG guardado por hash, com expiração curta e invalidação no primeiro uso.;O pedido não revela se o email existe na base.;authorization=A posse do token de uso único é a autorização da jornada, sem papel a conferir
QUAL-THR-WAL-01;Q0;account,adversary;balance;internal/wallet/adapters/postgres/repository_test.go::TestRepository_ApplyDebitSplitsAcrossBuckets;internal/wallet/adapters/postgres/repository_test.go::TestRepository_ApplyDebitInsufficientLeavesNoPartialState;internal/wallet/adapters/postgres/repository_test.go::TestRepository_ApplyDebitWithoutWalletIsInsufficient;;internal/wallet/adapters/postgres/repository_test.go::TestRepository_ApplyDebitConcurrentNoDoubleSpend,internal/arguments/adapters/postgres/integrity_test.go::TestPublishArgumentDoubleSpendIsImpossible;internal/wallet/adapters/postgres/repository_test.go::TestRepository_ApplyDebitIsIdempotent;internal/arguments/adapters/postgres/integrity_test.go::TestPublishArgumentCancellationRollsBack;O débito é da própria conta autenticada, decidido no servidor.;Submissões concorrentes disputam a mesma linha de saldo, com exatamente um sucesso.;A chave de idempotência cobre a submissão, e o replay não debita duas vezes.;Débito e publicação na mesma transação, com saldo nunca negativo.;O débito é da própria conta e não expõe dado de terceiro.;authorization=O débito é da própria conta autenticada e não há papel administrativo nesta regra
QUAL-THR-WAL-02;Q0;adversary,operator;ledger;internal/wallet/adapters/postgres/repository_test.go::TestRepository_DerivedBalanceMatchesProjectionAfterRandomSequence;internal/platform/postgres/wallet_test.go::TestWalletAppendOnlyPrivileges;internal/platform/postgres/wallet_test.go::TestWalletBalancesNeverNegative;;internal/wallet/adapters/postgres/repository_test.go::TestRepository_ApplyCreditConcurrent;internal/platform/postgres/wallet_test.go::TestWalletIdempotencyKeyUnique;O runtime não tem permissão de alterar o ledger: o privilégio de banco é o controle.;Lançamentos concorrentes acumulam sem reescrever os anteriores.;A chave de idempotência é única, e o lançamento repetido não duplica.;Ledger append-only por privilégio, quantidades em inteiros e saldo nunca negativo.;O ledger guarda montante e referência, sem dado pessoal.;authorization=O privilégio de banco é o controle de quem altera o ledger, sem papel de aplicação
QUAL-THR-WAL-03;Q0;adversary;grants;internal/arguments/adapters/http/ratelimit_test.go::TestArgumentWritesCarryThePolicy;internal/arenas/adapters/http/challenge_http_test.go::TestPublicationChallengedPlacement;internal/billing/adapters/http/ratelimit_test.go::TestBillingWritesCarryThePolicy;;;;;Os grants de INK ficam atrelados à conta validada, e o desafio antecede a publicação.;O limite é contado por janela no adapter, sem estado de domínio compartilhado.;A taxa é contada por requisição, não por operação repetida.;Rate limit por IP e conta, desafio na borda e INK promocional não transferível.;A heurística de automação usa apenas fatos de sessão e taxa.;authorization=O controle é de taxa e de desafio na conta, sem papel a conferir+concurrency=A taxa é contada por janela no adapter, sem estado compartilhado entre requisições+idempotency=A taxa é contada por requisição, então repetir a operação não reusa o orçamento
QUAL-THR-STRIPE-01;Q0;provider,adversary;webhook;internal/billing/adapters/stripe/webhook_test.go::TestWebhookVerifierAcceptsValidSignature;internal/billing/adapters/stripe/webhook_test.go::TestWebhookVerifierRejectsAlteredBody,internal/billing/adapters/stripe/webhook_test.go::TestWebhookVerifierRejectsInvalidSignature,internal/billing/adapters/stripe/webhook_test.go::TestWebhookVerifierRejectsFutureTimestamp;internal/billing/adapters/stripe/webhook_test.go::TestWebhookVerifierRejectsExpiredTimestamp;internal/billing/adapters/stripe/webhook_test.go::TestWebhookVerifierUsesConstantTimeComparison;;internal/billing/application/process_webhook_test.go::TestProcessWebhookIsIdempotentOnReplay;O segredo compartilhado autoriza o evento, verificado sobre o corpo bruto.;A verificação lê a própria requisição, sem estado compartilhado.;O identificador do evento é único, e o reenvio não reexecuta mutações.;HMAC-SHA256 sobre o corpo bruto, tolerância estrita, futuro recusado e comparação em tempo constante.;O payload do provedor não é logado em claro e não carrega dado de terceiro.;concurrency=A verificação lê o corpo bruto da própria requisição, sem estado compartilhado entre chamadas
QUAL-THR-STRIPE-02;Q0;provider,buyer;entitlement;internal/billing/application/process_webhook_test.go::TestProcessWebhookHandlesCheckoutSessionCompleted,internal/billing/application/process_webhook_test.go::TestProcessWebhookAppliesMemberEntitlements;internal/billing/application/process_webhook_test.go::TestProcessWebhookSuccessPageNeverGrantsBenefit;internal/billing/application/process_webhook_test.go::TestProcessWebhookRejectsUnpaidCheckoutSession;internal/billing/application/process_webhook_test.go::TestProcessWebhookRejectsInvalidSignature;;internal/billing/application/process_webhook_test.go::TestProcessWebhookIsIdempotentOnReplay;A concessão só acontece no evento autenticado, nunca na navegação do browser.;A concessão é aplicada pelo processamento do evento, serializada pelo identificador.;Reaplicar o evento não concede duas vezes.;A página de sucesso é informativa, e o estado de autorização mora no banco.;A concessão credita a própria conta e não expõe dado de pagamento.;concurrency=A concessão é aplicada no processamento do evento, serializada pela unicidade do identificador
QUAL-THR-STRIPE-03;Q0;provider,adversary;webhook;internal/billing/application/settle_checkout_test.go::TestSettleCheckoutGrantsINKOnSettledPayment;internal/billing/application/settle_checkout_test.go::TestSettleCheckoutRejectsAlreadySettledIntent,internal/billing/application/settle_checkout_test.go::TestSettleCheckoutRejectsUnknownSession;internal/billing/application/settle_checkout_test.go::TestSettleCheckoutRejectsExpiredIntent;;;internal/billing/application/settle_checkout_test.go::TestSettleCheckoutIsIdempotentOnReplay,internal/billing/application/process_webhook_test.go::TestProcessWebhookIsIdempotentOnReplay;O evento autenticado é a autorização, e o estado é conferido no banco.;Reentregas concorrentes do mesmo evento são serializadas pela unicidade do identificador.;O reenvio do mesmo evento não duplica créditos nem passes.;O processamento é idempotente por identificador de evento, com registro transacional.;O evento não expõe dado pessoal além do necessário à concessão.;authorization=A autorização do evento é a assinatura do provedor, coberta por THR-STRIPE-01+concurrency=Reentregas concorrentes do mesmo evento são serializadas pela unicidade do identificador no banco
QUAL-THR-PERS-01;Q1;account,adversary;attributions;internal/persuasion/application/record_attributions_test.go::TestRecordAttributionsIsIdempotentAndGrowsUpToTheLimit;internal/persuasion/application/record_attributions_test.go::TestRecordAttributionsRejectsInvalidSelections,internal/persuasion/adapters/postgres/repository_test.go::TestRecordAttributionsRejectsInvalidSelectionsEndToEnd;internal/persuasion/domain/eligibility_test.go::TestEligibilityPolicyValidatesChangeAndPolicy;;;;;A política recusa a autoria própria e exige mudança real de posição.;A gravação é sob a chave da mudança, com o teste concorrente no limite.;Repetir a seleção não duplica atribuições.;O bloqueio é server-side absoluto, e a elegibilidade é de domínio.;A identidade de quem atribuiu permanece privada e só totais são exibidos.;
QUAL-THR-MOD-01;Q1;adversary,moderator;reports;internal/moderation/application/file_report_test.go::TestFileReportAcceptsSpamAndSelfReport;internal/moderation/application/file_report_test.go::TestFileReportVolumeNeverRemovesAndHidesPII,internal/moderation/application/file_report_test.go::TestFileReportRejectsUnknownAndRemovedTargets;internal/moderation/adapters/http/ratelimit_test.go::TestReportFilingCarriesThePolicy;;;;;A denúncia é da conta autenticada, que responde por ela.;O volume de denúncias é contado por janela no adapter, sem remover conteúdo.;Repetir a denúncia não cria segunda linha nem esconde o alvo.;Nenhuma remoção é automática: a fila vai para triagem humana.;A identidade do denunciante é privada, e o conteúdo permanece acessível até julgamento.;
QUAL-THR-MOD-02;Q0;moderator,operator;decided,audited;internal/moderation/adapters/postgres/review_test.go::TestReviewDecideAtomicAndInvalid,internal/audit/adapters/postgres/recorder_test.go::TestRecorderJoinsSharedTransaction;internal/moderation/application/review_test.go::TestDecideTargetActionMismatchDenies,internal/audit/adapters/postgres/recorder_test.go::TestRecorderRejectsSensitiveMetadata;internal/moderation/application/review_test.go::TestDecideLeaseExpiredAndInvalidTransitions;internal/moderation/application/authorizer_test.go::TestAuthorizerRevokedRoleDeniesActiveSession;internal/moderation/adapters/postgres/review_test.go::TestReviewClaimConcurrentAndExpiredLease;internal/persuasion/application/moderate_attribution_test.go::TestInvalidateAttributionReplaysRecordedDecision;Toda mutação de moderação exige capacidade conferida no banco a cada requisição.;A decisão é atômica com a gravação do evento de auditoria.;O replay da decisão registrada não aplica duas vezes.;A trilha é append-only, e a mutação falha inteira se a trilha não gravar.;A trilha registra metadados tipados e recusa dado sensível.;
QUAL-THR-CACHE-01;Q1;adversary;cached;internal/platform/httpcache/policy_test.go::TestPrivateAndNoStorePolicies,internal/platform/httpcache/policy_test.go::TestPublicPolicyIsExplicitAndBounded;internal/wallet/adapters/http/wallet_http_test.go::TestWalletStatementHTTPNeverLeaksRestrictedFields;internal/platform/httpcache/policy_test.go::TestValidatorsUseStableFactsAndWeakMatching;;;;;A política é decidida por superfície: privada é no-store, pública é explícita e limitada.;A política é aplicada por resposta, no adapter, sem estado compartilhado.;A resposta privada não é cacheável, então repetir não reusa corpo de outro.;Resposta com Set-Cookie nunca é pública, e URL pública é isolada de rota privada.;Nenhuma resposta autenticada é armazenável em cache compartilhado.;
QUAL-THR-CACHE-02;Q1;adversary;cached;internal/platform/httpcache/policy_test.go::TestPublicPolicyIsExplicitAndBounded;internal/identity/adapters/http/auth_http_test.go::TestSpoofedForwardedHeaderDoesNotMultiplyTheLoginBudget,internal/arenas/adapters/html/arenas_html_test.go::TestArenaDocumentNeverReflectsRequestedSlug;;;;;;O host e o esquema canônicos vêm da configuração, não do cabeçalho recebido.;A resposta é montada por requisição, e o cabeçalho forjado não altera URL nem orçamento.;A mesma requisição devolve a mesma página, sem depender de cabeçalho não confiável.;O backend ignora cabeçalhos não confiáveis na construção de URLs canônicas.;O cabeçalho forjado não acrescenta nem vaza conteúdo de terceiro.;limit=O cabeçalho forjado é ignorado ou não, categoricamente, e não há limiar nesta regra
QUAL-THR-ADM-01;Q0;adversary,moderator;admin;internal/moderation/adapters/http/handler_test.go::TestModerationQueueClaimDecideFlow;internal/moderation/adapters/http/handler_test.go::TestModerationAdminRoutesDenyStrangers,internal/moderation/adapters/http/handler_test.go::TestModerationAPIRequiresAuthentication,internal/jobs/adapters/http/handler_test.go::TestOperationalSurfaceDeniesAnonymousCallers,internal/jobs/adapters/http/handler_test.go::TestOperationalSurfaceRequiresTheAdministrativeRole;internal/moderation/adapters/http/handler_test.go::TestModerationStepUpDeniesStaleHighImpact;internal/moderation/adapters/http/handler_test.go::TestModerationGateFollowsTheRoleChangeImmediately,internal/moderation/adapters/http/handler_test.go::TestModerationAdminGateRequiresSecondFactor;internal/moderation/application/authorizer_test.go::TestAuthorizerRevokedRoleDeniesActiveSession;;A superfície administrativa exige capacidade conferida no banco, com segundo fator recente.;A autorização é conferida a cada requisição, e o gate segue a mudança de papel imediatamente.;A autorização é uma decisão por requisição, sem operação a repetir.;Papel revogado perde acesso na hora, e a sessão antiga não sobrevive à mudança.;A superfície administrativa não expõe dado de terceiro fora do caso.;idempotency=A autorização é conferida a cada requisição e não tem operação a repetir, então não há chave de idempotência nesta regra
QUAL-THR-ADM-02;Q0;operator;adjusted,audited;internal/wallet/application/adjust_ink_test.go::TestAdjustInkUseCaseCreditPositive,internal/wallet/application/adjust_ink_test.go::TestAdjustInkUseCaseDebitNegative;internal/wallet/application/adjust_ink_test.go::TestAdjustInkUseCaseValidatesInput,internal/audit/adapters/postgres/recorder_test.go::TestRecorderRejectsSensitiveMetadata;internal/audit/adapters/postgres/recorder_test.go::TestBillingAndAdminEventsFitTheTrail;internal/wallet/application/adjust_ink_test.go::TestAdjustInkUseCaseNegativeAuthorization,internal/wallet/application/adjust_ink_test.go::TestAdjustInkUseCaseAuthorizationErrorFromPort;;internal/wallet/application/adjust_ink_test.go::TestAdjustInkUseCaseReplayStillRecordsAudit,internal/wallet/adapters/postgres/repository_test.go::TestRepository_AdminAdjustmentReplayKeepsSingleOperation;internal/wallet/application/adjust_ink_test.go::TestAdjustInkUseCasePropagatesLedgerAndAuditFailures;O ajuste exige operador autorizado, com justificativa tipada.;O ajuste roda numa transação com a trilha, e a reapresentação é resolvida pela chave da operação.;Reapresentar o ajuste não duplica a operação, mas o replay ainda registra auditoria.;Se a trilha não gravar, o ajuste sofre rollback total.;A trilha registra metadados tipados e recusa dado sensível.;concurrency=O ajuste roda numa transação com a trilha e a reapresentação é resolvida pela chave da operação, então não há duas escritas concorrentes
