# P21-T03 — judgement table, part C: persuasion, wallet, passes and billing.
# Columns: id;risk;actors;states;positive;negative;limit;authorization;concurrency;idempotency;failure;authorization_text;concurrency_text;idempotency_text;security_text;privacy_text;not_applicable
QUAL-REQ-PERS-01;Q1;account;changed;TestAttributionRecordsTheSelectionForTheChange,TestRecordAttributionsJourney;internal/persuasion/application/record_attributions_test.go::TestRecordAttributionsValidatesInputsAndPropagatesFailures;TestRecordAttributionsAcceptsEmptyAndSmallSelections;;;;;O convite é opcional e a atribuição é do próprio titular da mudança.;A seleção é gravada contra a mudança, sob a chave dela.;Repetir a seleção da mesma mudança não cria segunda atribuição.;A seleção só é aceita contra uma mudança confirmada.;Quem atribuiu permanece privado, e só totais válidos são exibidos.;
QUAL-REQ-PERS-02;Q1;account;changed;TestRecordAttributionsIsIdempotentAndGrowsUpToTheLimit;TestRecordAttributionsRejectsInvalidSelections,TestEligibilityPolicyRejectsViolations;TestRecordAttributionsIsIdempotentAndGrowsUpToTheLimit;;;;;A seleção é da conta titular da mudança e limitada a três argumentos.;A gravação cresce até o limite sob a chave da mudança.;Repetir a mesma seleção não duplica atribuições.;O limite de três é validado no domínio e no schema.;As atribuições são contadas em totais, sem expor quem atribuiu.;
QUAL-REQ-PERS-03;Q1;account;changed;TestEligibilityPolicyAcceptsEligibleSelections;TestEligibilityPolicyValidatesChangeAndPolicy,TestRecordAttributionsRejectsInvalidSelectionsEndToEnd;;;;;;A elegibilidade exige argumento da mesma arena, de outro autor e anterior à mudança.;A elegibilidade é avaliada no servidor contra o estado gravado.;A mesma seleção elegível é aceita de novo sem duplicar.;Os critérios são de domínio, e o repositório recusa em transação.;A identidade de quem atribuiu não é exposta pela elegibilidade.;limit=A elegibilidade é categórica por critério, então não há limiar numérico nesta regra
QUAL-REQ-PERS-04;Q1;account;changed;internal/persuasion/domain/eligibility_test.go::TestEligibilityPolicyAcceptsEligibleSelections;TestRecordAttributionsRejectsInvalidSelections;;;;;;O autor não atribui influência a argumento próprio: a política recusa a autoria.;A recusa é do domínio e do repositório, avaliada na mesma transação.;Repetir a tentativa de autoatribuição é recusado de novo, sem gravar.;O bloqueio é server-side absoluto e não depende da interface.;A recusa não revela a autoria de outros argumentos.;limit=A autoatribuição é categórica, própria ou de terceiro, e não há limiar nesta regra
QUAL-REQ-PERS-05;Q1;account,moderator;changed,moderated;TestPublicResponsesNeverExposeSignals,TestAssessmentIsDeterministicAndOrdered;TestAttributionSignalsAreModeratorOnly;;;;;;Só a moderação autorizada vê os sinais de atribuição do autor.;As leituras públicas e as de moderação são consultas separadas.;A mesma consulta devolve a mesma avaliação determinística.;O sinal é moderador-only, e a resposta pública nunca o carrega.;A identidade de quem atribuiu permanece privada, e só totais válidos são exibidos.;limit=A privacidade do eleitor é categórica, e não há limiar de amostra nesta regra
QUAL-REQ-PERS-06;Q1;visitor;published;TestGetArgumentMetricsDerivesCounts,TestAuthorReputationProjectionMatchesSource;internal/persuasion/application/metrics_test.go::TestArgumentMetricsValidateRejectsIncoherentProjections;TestArgumentMetricsCountPeopleOnceAndFollowValidity;;;;;As métricas são públicas apenas como totais factuais.;A projeção é reconstruída das atribuições válidas na leitura.;A mesma projeção é recomposta dos mesmos fatos.;A projeção é determinística e não é editada à mão.;Nenhuma métrica expõe quem atribuiu ou como votou.;
QUAL-REQ-PERS-07;Q1;visitor;published;TestAuthorReputationHeadlineCountsPeopleOncePerArena;internal/persuasion/application/reputation_test.go::TestAuthorReputationValidateRejectsIncoherentProjections;TestAuthorReputationHeadlineCountsPeopleOncePerArena;;;;;O perfil público é aberto e mostra a manchete factual do autor.;A projeção é reconstruída das atribuições válidas.;A mesma fonte reconstrói a mesma manchete.;A contagem por pessoa única é imposta pela projeção.;A manchete conta pessoas, não identidades, e não expõe eleitores.;
QUAL-REQ-PERS-08;Q1;moderator;valid,invalidated;TestInvalidateAttributionRecordsDecisionAndAudit,TestRestoreAttributionReversesInvalidation;internal/persuasion/application/moderate_attribution_test.go::TestModerationDeniedByAuthorizer;;;;;;A invalidação exige a capacidade de moderação autorizada.;A decisão e a trilha de auditoria são gravadas na mesma transação.;O replay da decisão registrada não aplica duas vezes.;A decisão é registrada com autor e justificativa, sem alterar o voto.;Os dados do eleitor não são alterados pela invalidação.;limit=A decisão é categórica, válida ou invalidada, e não há limiar nesta regra
QUAL-REQ-WAL-01;Q0;account;credited,debited;TestRepository_DerivedBalanceMatchesProjectionAfterRandomSequence;TestWalletAppendOnlyPrivileges;TestWalletBalancesNeverNegative;;;internal/platform/postgres/wallet_test.go::TestWalletIdempotencyKeyUnique;O saldo é da própria conta, e o ledger não é alterável pela aplicação.;O ledger aceita lançamentos concorrentes sem reescrever os anteriores.;A chave de idempotência é única, e lançamentos repetidos não duplicam.;O ledger é append-only por privilégio de banco, com quantidades em inteiros.;O extrato é do titular, e nenhum dado pessoal entra no ledger.;authorization=O saldo é sempre da própria conta e a aplicação não pode alterar o ledger, então não há papel a conferir nesta regra+concurrency=O ledger é append-only e a disputa de débito pertence à regra de gasto, então não há corrida a resolver nesta regra
QUAL-REQ-WAL-02;Q0;account;measured;TestNewInkBoundaries,TestParseContentNormalizesAndMeasures;internal/wallet/domain/ink_test.go::TestParseInkRejectsFloatAndMalformed;TestNewInkBoundaries;;;TestParseContentNormalizesAndMeasures;O custo é cobrado da conta que publica, calculado no servidor.;O custo é aritmética pura sobre o texto medido, sem estado compartilhado.;O mesmo texto normalizado mede o mesmo, e o custo não varia.;INK é inteiro, com gramática própria, e nunca ponto flutuante.;O custo não depende de dado pessoal, apenas do texto público.;authorization=O custo é cobrado da conta que publica e não há papel administrativo nesta regra+concurrency=A medição é aritmética pura sobre o texto, então não há corrida a resolver nesta regra
QUAL-REQ-WAL-03;Q0;account;debited,published;internal/arguments/adapters/postgres/repository_test.go::TestPublishArgumentEndToEndAtomic;TestPublishArgumentDoubleSpendIsImpossible,internal/arguments/adapters/postgres/repository_test.go::TestPublishArgumentRejectsInsufficientInk;internal/arguments/application/publish_argument_test.go::TestPublishArgumentRejectsInsufficientInkWithoutPartialState;;TestRepository_ApplyDebitConcurrentNoDoubleSpend;internal/arguments/application/publish_argument_test.go::TestPublishArgumentReplaysRecordedAttempts;TestPublishArgumentRollsBackAfterDebitOnLaterFailure;O débito é da conta que publica, decidido no servidor.;Débito e publicação disputam a mesma linha de saldo, sob lock.;A chave de idempotência impede o segundo débito do mesmo envio.;A transação é única e o rollback é integral, com saldo nunca negativo.;O débito é da própria conta, e o resultado não expõe dado de terceiro.;authorization=O débito é da conta que publica, decidido no servidor, e não há papel administrativo a conferir
QUAL-REQ-WAL-04;Q0;account;debited;TestAllocateDebitPriority,TestRepository_ApplyDebitSplitsAcrossBuckets;internal/wallet/adapters/postgres/repository_test.go::TestRepository_ApplyDebitInsufficientLeavesNoPartialState;internal/wallet/domain/allocation_test.go::TestAllocationLinePriorityOrder;;;internal/wallet/adapters/postgres/repository_test.go::TestRepository_ApplyDebitIsIdempotent;A precedência é decidida no servidor sobre os buckets da própria conta.;A alocação é aritmética pura sobre os buckets disponíveis.;A alocação repetida do mesmo débito não consome duas vezes.;Os créditos promocionais são consumidos antes do saldo comprado, por desenho.;A precedência não depende de dado pessoal, apenas dos buckets.;authorization=A precedência é decidida no servidor sobre os buckets da própria conta, sem papel a conferir+concurrency=A alocação é aritmética pura sobre os buckets, então não há corrida a resolver nesta regra
QUAL-REQ-WAL-05;Q0;account;statement;TestWalletStatementPaginatesWithoutDuplicatesOrGaps;TestWalletStatementHTTPNeverLeaksRestrictedFields;internal/wallet/application/queries_test.go::TestWalletStatementLimitClamping;TestRepository_StatementIsPaginatedAndOwnerScoped;;internal/wallet/application/queries_test.go::TestWalletStatementCursorRoundTrip;O extrato é do próprio titular, paginado por cursor.;A leitura do extrato não escreve e não disputa linha.;O mesmo cursor devolve a mesma página do extrato.;A resposta do extrato é owner-scoped e nunca devolve campo restrito.;O extrato mostra data, motivo, referência e montante do próprio titular.;concurrency=A leitura do extrato não escreve, então não há corrida a resolver nesta regra
QUAL-REQ-WAL-06;Q0;account;credited;TestRenewFreeCycleUseCaseNormalTurnAndKeys;internal/wallet/adapters/postgres/repository_test.go::TestRepository_RenewFreeCycleMissingWallet;TestPeriodForAnchorDayClamping;;TestRepository_RenewFreeCycleConcurrentWorkers;TestRepository_RenewFreeCycleIsIdempotentOnRetry;A franquia é creditada na conta do titular, decidida pelo ciclo gravado.;Dois workers concorrentes creditam um único ciclo, provado pelo teste de workers.;O replay do ciclo não credita duas vezes.;O crédito é lançamento append-only com chave de idempotência.;A franquia é do titular e não expõe dado pessoal.;authorization=A franquia é creditada pelo ciclo gravado da própria conta, sem papel administrativo nesta regra
QUAL-REQ-ENT-01;Q0;account;published;TestConsumeArenaPassUseCaseBuildsRequestAndPropagatesOutcome,TestBridgeConsumeArenaPass;internal/billing/adapters/postgres/repository_test.go::TestRepository_ConsumeArenaPassCrossAccountRefused;internal/billing/adapters/postgres/repository_test.go::TestRepository_ConsumeArenaPassExpiredLotNeverUsed;internal/billing/adapters/postgres/repository_test.go::TestRepository_ConsumeArenaPassCrossAccountRefused;internal/billing/adapters/postgres/repository_test.go::TestRepository_ConsumeArenaPassConcurrentSameArena;TestRepository_ConsumeArenaPassIsIdempotentPerArena;O passe consumido é da conta que publica, e passe de outra conta é recusado.;Duas publicações concorrentes da mesma arena disputam o passe sob a chave da arena.;O consumo é idempotente por arena, e repetir não gasta um segundo passe.;O consumo é append-only, com o lote escolhido pela validade mais próxima.;O passe é da conta titular, e nenhum dado pessoal entra no lote.;
QUAL-REQ-ENT-02;Q0;account;granted,consumed,expired;TestGetArenaPassSummaryUseCase,TestPassOriginVocabulary;internal/billing/adapters/postgres/repository_test.go::TestRepository_PassSummaryExcludesExpiredLotsAtBoundaries;TestRepository_ConsumeArenaPassSelectsNearestExpiration;;internal/billing/adapters/postgres/repository_test.go::TestRepository_GrantPassLotConcurrent;internal/billing/adapters/postgres/repository_test.go::TestRepository_GrantPassLotIsIdempotentAndImmutableExpiry;O resumo de passes é do próprio titular.;A concessão concorrente de lotes é resolvida pelo repositório.;A concessão de lote é idempotente, e a validade é imutável.;A origem do passe é um vocabulário fechado, e a expiração é gravada.;O histórico de passes não expõe dado de pagamento além do necessário.;authorization=O resumo é do próprio titular e não há papel administrativo nesta regra
QUAL-REQ-BIL-01;Q0;account,buyer;checkout;TestCreateCheckoutSessionSendsTheServerDecidedPrice,TestVersionedCatalogMatchesTheDocumentedPriceList;internal/billing/application/create_checkout_test.go::TestCreateCheckoutRefusesProductsOutsideTheCatalog,internal/billing/application/create_checkout_test.go::TestCreateCheckoutRefusesAProviderPriceMismatch;internal/billing/application/create_checkout_test.go::TestCreateCheckoutRefusesAProviderModeSwitch;internal/billing/application/create_checkout_test.go::TestCreateCheckoutRefusesIneligibleAndUnknownAccounts;;internal/billing/application/create_checkout_test.go::TestCreateCheckoutIsReplaySafe;O checkout é da própria conta, e conta inelegível ou desconhecida é recusada.;A criação da sessão é decidida por requisição, sem reservar saldo.;O replay da criação de checkout é seguro e não cria cobrança dupla.;Todo fato comercial é resolvido no servidor, a partir do catálogo versionado.;O checkout não recebe dado pessoal além do necessário para a sessão do provedor.;concurrency=A criação da sessão não reserva saldo nem disputa linha, então não há corrida a resolver nesta regra
QUAL-REQ-BIL-02;Q0;account,buyer;subscribed,active;TestApplyMemberEntitlements_ActiveGrantsPassAnd30kInk;TestApplyMemberEntitlements_OutOfOrder_TerminalStatusCannotRevive;;;;internal/billing/application/apply_member_entitlements_test.go::TestApplyMemberEntitlements_ReactivationWithoutDuplication,TestRepository_SubscriptionLifecycleAndIdempotency;A assinatura é do titular que a contratou, e o estado vem do provedor.;Eventos fora de ordem não revivem estado terminal, provado pelo teste de replay.;Reaplicar o mesmo evento não concede um segundo lote.;A concessão acontece só no processamento autenticado do evento.;A concessão credita franquia e passes sem expor dado de pagamento.;limit=O ciclo de assinatura é um estado do provedor, não um limiar desta regra+concurrency=Os eventos da assinatura chegam serializados pela unicidade do identificador do evento, então não há corrida de aplicação nesta regra+authorization=A assinatura é do titular que a contratou e o estado vem do provedor, sem papel a conferir nesta regra
QUAL-REQ-BIL-03;Q0;provider;received,processed;internal/billing/adapters/stripe/webhook_test.go::TestWebhookVerifierAcceptsValidSignature,internal/billing/application/process_webhook_test.go::TestProcessWebhookHandlesCheckoutSessionCompleted;TestWebhookVerifierRejectsAlteredBody,TestProcessWebhookRejectsInvalidSignature;internal/billing/adapters/stripe/webhook_test.go::TestWebhookVerifierRejectsExpiredTimestamp;internal/billing/adapters/stripe/webhook_test.go::TestWebhookVerifierRejectsInvalidSignature;;TestProcessWebhookIsIdempotentOnReplay;A assinatura do provedor autoriza o evento, sobre o corpo bruto.;Cada requisição verifica a própria assinatura, sem estado compartilhado.;O replay do mesmo evento não reaplica mutação no ledger.;HMAC-SHA256 sobre o corpo bruto, janela curta, comparação em tempo constante e identificador único.;O evento carrega apenas o necessário para a concessão e não é logado em claro.;concurrency=A verificação lê o corpo bruto da própria requisição, sem estado compartilhado
QUAL-REQ-BIL-04;Q0;account,buyer;refunded,chargeback;TestApplyRefundCapsWhenConsumedWithoutNegative,TestRefundLedgerDebitsPurchasedOnly;TestApplyRefundChargebackAlwaysNeedsReview;TestApplyRefundCapsWhenConsumedWithoutNegative;;;TestRefundJournalIsIdempotentAndAuditable;;O reembolso é da compra do titular, decidido pelo evento do provedor.;A aplicação é por evento, com o journal como registro da decisão.;O journal de reembolsos é idempotente e auditável.;O estorno nunca deixa o saldo negativo e não muta o histórico em silêncio.;O reembolso não expõe dado além da compra afetada.;authorization=O reembolso é do provedor sobre a compra do titular, sem papel administrativo nesta regra+concurrency=O reembolso é aplicado uma vez por evento, com journal idempotente, então não há corrida a resolver
QUAL-REQ-BIL-05;Q0;operator;reconciled;TestReconcileRecordsUnprocessedEventsWithoutCorrecting;TestReconcileDetectsMissingRemote,TestReconcileDetectsAmountAndCurrencyMismatch;TestReconcileDetectsAmountAndCurrencyMismatch;;;TestReconcileRecordsUnprocessedEventsWithoutCorrecting;;A reconciliação é operação de manutenção, sem superfície de cliente.;O trabalho roda em varredura própria, sem disputar escrita com o checkout.;Reexecutar a reconciliação não corrige nem duplica nada.;Divergência de valor, moeda ou estado é registrada e nunca corrigida em silêncio.;O relatório de reconciliação não carrega dado pessoal.;authorization=A reconciliação é operação de manutenção, então não há superfície de cliente a autorizar+concurrency=O trabalho roda em varredura própria, então não há corrida de cliente a resolver nesta regra
