# P21-T03 — judgement table, part E: the ten business invariants of BUSINESS_RULES §11.
# Columns: id;risk;actors;states;positive;negative;limit;authorization;concurrency;idempotency;failure;authorization_text;concurrency_text;idempotency_text;security_text;privacy_text;not_applicable
QUAL-REQ-INV-01;Q1;visitor,account;aggregated;TestPositionAggregateCountsEligibleAccountsOnly;TestPositionsDomainCarriesNoPlanOrPaymentWeight,TestAuthorizerIgnoresPaymentAndPopularity;;TestAuthorizerIgnoresPaymentAndPopularity;;;;Nenhum papel ou plano altera o peso: autoridade e dinheiro não são entradas do agregado.;O agregado lê uma linha por titular, sem ponderar por plano.;A mesma posição contribui uma vez, sempre.;O domínio de posição não conhece plano nem pagamento, provado pelo teste de pureza.;O agregado conta contas elegíveis e não expõe quem votou.;limit=A invariante é categórica: plano não altera peso, então não há limiar nesta regra
QUAL-REQ-INV-02;Q1;visitor;local;TestPositionAggregateCountsEligibleAccountsOnly;TestParticipationPageForVisitorKeepsTheChoiceLocal;;;;;;A escolha do visitante não entra no agregado oficial sob nenhuma circunstância.;A escolha vive no cliente, e o agregado lê posições confirmadas por conta elegível.;A escolha local não é gravada, então repetir não muda o oficial.;O agregado filtra por conta elegível no servidor.;Nenhuma escolha anônima é associada a uma pessoa.;limit=A invariante é categórica: a escolha do visitante nunca entra no agregado, e não há limiar de amostra nesta regra
QUAL-REQ-INV-03;Q1;account;confirmed;internal/positions/application/confirm_initial_position_test.go::TestConfirmInitialPositionResolvesLostInsertRaces;TestConfirmInitialPositionRefusesDifferentInitialValue;;;;internal/positions/application/confirm_initial_position_test.go::TestConfirmInitialPositionConcurrentDifferentValues;internal/positions/application/confirm_initial_position_test.go::TestConfirmInitialPositionIsIdempotentOnRetry;A primeira posição é do titular e nunca é reescrita.;Inserções concorrentes com valores diferentes são resolvidas pela chave única.;Confirmar de novo a mesma posição não reescreve o registro.;A chave única por arena e titular é imposta pelo schema.;O registro é privado por padrão e só aparece no agregado.;limit=A unicidade é categórica: existe ou não existe a primeira posição, e não há limiar nesta regra
QUAL-REQ-INV-04;Q1;account;chained;TestDeriveCurrentPositionReplaysContiguousChains;internal/positions/domain/change_test.go::TestNewPositionChangeValidatesTheHistoryEntry;;TestChangePositionConcurrentUseCaseChainIntegrity;internal/positions/application/change_position_test.go::TestChangePositionIsNaturallyIdempotentAfterSuccess;TestChangePositionRollbackLeavesNoDivergence;A posição atual é derivada do histórico do próprio titular.;Corridas de mudança mantêm a integridade da cadeia, provado pelo teste concorrente.;A cadeia é append-only, e o replay contíguo é a única forma de reconstruir o estado.;A versão do registro é verificada contra corrida antes da escrita.;O histórico individual é privado e só o agregado é público.;limit=A cadeia é append-only e sem orçamento declarado, então não há limiar nesta regra
QUAL-REQ-INV-05;Q1;account;changed;internal/persuasion/domain/eligibility_test.go::TestEligibilityPolicyAcceptsEligibleSelections;TestEligibilityPolicyRejectsViolations,TestRecordAttributionsRejectsInvalidSelections,TestRecordAttributionsRejectsInvalidSelectionsEndToEnd;;;internal/persuasion/adapters/postgres/repository_test.go::TestRecordAttributionsConcurrentLimit;;A política compara o titular da mudança com o autor do argumento.;A recusa é do repositório, avaliada na transação da gravação.;Repetir a tentativa de autoatribuição é recusado de novo.;O bloqueio vale para qualquer rota, porque mora no domínio e no repositório.;A recusa não revela a autoria de argumentos de terceiros.;limit=A autoatribuição é categórica, própria ou de terceiro, e não há limiar nesta regra+idempotency=A recusa é avaliada antes de qualquer escrita, então não há operação a repetir nesta regra
QUAL-REQ-INV-06;Q1;account;changed;TestRecordAttributionsIsIdempotentAndGrowsUpToTheLimit;internal/persuasion/application/record_attributions_test.go::TestRecordAttributionsRejectsInvalidSelections;TestEligibilityPolicyValidatesChangeAndPolicy;;TestRecordAttributionsConcurrentLimit;TestRecordAttributionsIsIdempotentAndGrowsUpToTheLimit;A seleção é da conta titular da mudança.;A cardinalidade é resolvida sob a chave da mudança, com o teste concorrente no limite.;A gravação é idempotente e cresce até três, nunca além.;O limite é validado no domínio e imposto pelo schema.;As atribuições contam em totais e não expõem quem atribuiu.;
QUAL-REQ-INV-07;Q0;account;debited,published;internal/arguments/adapters/postgres/repository_test.go::TestPublishArgumentEndToEndAtomic;TestPublishArgumentDoubleSpendIsImpossible;internal/arguments/application/publish_argument_test.go::TestPublishArgumentRejectsInsufficientInkWithoutPartialState;;internal/wallet/adapters/postgres/repository_test.go::TestRepository_ApplyDebitConcurrentNoDoubleSpend;internal/arguments/application/publish_argument_test.go::TestPublishArgumentReplaysRecordedAttempts;TestPublishArgumentCancellationRollsBack,TestPublishArgumentFailureAfterDebitRollsBack;O débito é da conta que publica, decidido no servidor.;Débito e publicação são uma unidade sob a mesma transação e a mesma linha de saldo.;A chave de idempotência cobre a unidade inteira, e o replay não debita duas vezes.;O rollback é integral, e o saldo nunca fica negativo.;O débito é da própria conta, e a publicação não expõe dado de terceiro.;authorization=O débito é da própria conta que publica, sem papel administrativo nesta regra
QUAL-REQ-INV-08;Q0;account;draft,published;internal/arenas/adapters/postgres/publish_integration_test.go::TestPublishArenaEndToEndAtomic;TestPublishArenaUseCaseWithoutPassRollsBack,TestPublishArenaSlugConflictRollsBackConsumption;;internal/arenas/adapters/http/arenas_http_test.go::TestArenaDraftOwnerScoped;internal/arenas/adapters/postgres/publish_integration_test.go::TestPublishArenaConcurrent;internal/arenas/application/publish_test.go::TestPublishArenaUseCaseReplay;TestPublicationRollsBackConsumptionWhenPublicationFails;A publicação abre a transação e consome o passe da própria conta dentro dela.;A transição de estado e o consumo são confirmados juntos ou desfeitos juntos.;O replay da publicação não consome um segundo passe.;O passe só é gasto com a transição aplicada, e o conflito de slug desfaz o consumo.;O passe consumido é da conta que publica, e nenhum dado pessoal entra no lote.;limit=A publicação consome exatamente um passe, um valor fixo, então não há limiar a variar
QUAL-REQ-INV-09;Q0;moderator;removed,appealed;TestAppealsReverseRestoresWithoutDeletingAction;TestAuditEventsRejectUpdatesAndDeletes;;internal/moderation/application/review_test.go::TestDecideTargetActionMismatchDenies;TestRecorderJoinsSharedTransaction;internal/audit/adapters/postgres/recorder_test.go::TestRecorderRoundTripAndReplay;;A remoção exige decisão de moderação registrada, e a trilha fica.;O registro de auditoria entra na transação da decisão que o exige.;A decisão é registrada uma vez, e o recurso restaura sem apagar a ação original.;A trilha é append-only por privilégio de banco, e a remoção muda só a exibição.;A remoção preserva dados necessários à integridade e não apaga a evidência do caso.;limit=A remoção é categórica quanto à trilha: ela permanece, e não há limiar nesta regra
QUAL-REQ-INV-10;Q2;operator;projected;TestMetricsReconstructFromSources,TestRebuildArenaProjectionCanBeDeletedAndRebuilt;;;;;;;A reconstrução é operação de manutenção, sem superfície de cliente.;A projeção é derivada das atribuições válidas e reconstruída do zero.;A mesma fonte reconstrói os mesmos números.;A projeção é derivada, e a fonte da verdade são os fatos gravados.;A reconstrução lê fatos e não publica dado individual.;negative=A reconstrução não tem entrada a recusar: ela é trabalho de manutenção sobre fatos válidos e auditados
