# P21-T03 — judgement table, part D: moderation, audit, transparency and i18n.
# Columns: id;risk;actors;states;positive;negative;limit;authorization;concurrency;idempotency;failure;authorization_text;concurrency_text;idempotency_text;security_text;privacy_text;not_applicable
QUAL-REQ-MOD-01;Q1;account;filed,deduplicated;TestReportsRoundTripDedupAndRate;TestFileReportRejectsUnknownAndRemovedTargets;TestFileReportDeduplicatesAndSignalsRate;;;;;A denúncia é da conta autenticada, que responde por ela.;A denúncia é gravada uma vez por alvo, com a deduplicação do repositório.;Repetir a denúncia não cria segunda linha nem esconde conteúdo.;Categorias tipadas e justificativa restrita, sem remoção automática.;A identidade do denunciante é privada, e o conteúdo permanece acessível até julgamento.;
QUAL-REQ-MOD-02;Q0;moderator;queued,claimed,decided;TestQueueListsFilteredPagesWithSignedCursors;internal/moderation/application/queue_test.go::TestQueueDeniesUnknownViewerAndForgedCursor;TestReviewClaimConcurrentAndExpiredLease;internal/moderation/adapters/http/handler_test.go::TestModerationAPIRequiresAuthentication;TestClaimConcurrentModerators;internal/moderation/application/review_test.go::TestDecideConflictDeclared;A fila e a análise exigem moderador autenticado com a capacidade.;Dois moderadores disputando o mesmo caso são resolvidos pela lease.;Decidir duas vezes é conflito declarado, não segunda decisão.;A fila é paginada por cursor assinado, e o cursor forjado é recusado.;A fila esconde a evidência do denunciante e não expõe a identidade dele.;
QUAL-REQ-MOD-03;Q0;moderator;decided,applied;TestSanctionsMatrixPerTarget;internal/moderation/adapters/postgres/sanctions_test.go::TestSanctionsRollbackOnStaleTarget;TestSanctionMatrixPerTarget;internal/moderation/application/authorizer_test.go::TestAuthorizerRevokedRoleDeniesActiveSession;;internal/moderation/application/review_test.go::TestDecideConflictDeclared;A sanção exige decisão de moderador com a capacidade correspondente.;A sanção é aplicada na transação que detém a lease do caso.;A sanção é aplicada uma vez por decisão, e repetir é conflito declarado.;A matriz de sanções por alvo é fixa, e a decisão é registrada com justificativa.;A sanção muda a exibição e a interação, sem apagar dados de terceiros.;concurrency=A sanção é aplicada na transação que detém a lease do caso, então não há duas aplicações concorrentes
QUAL-REQ-MOD-04;Q0;account,moderator;appealed,reviewed;TestDecideAppealRestoresWithoutDeletingAction,TestAppealsReverseRestoresWithoutDeletingAction;TestClaimAppealRequiresDifferentReviewer;;TestClaimAppealRequiresDifferentReviewer;internal/moderation/adapters/postgres/review_test.go::TestReviewDecideAtomicAndInvalid;;O recurso é do participante penalizado e revisado por operador distinto.;A decisão do recurso é atômica com a restauração do estado.;A decisão é registrada uma vez por caso, e a ação original nunca é apagada.;A revisão exige operador distinto do que decidiu, provado pelo teste.;A decisão de recurso preserva a trilha e não expõe dados além do caso.;limit=O prazo e a titularidade do recurso são do domínio e não formam limiar nesta regra+idempotency=A decisão do recurso é uma transição única por caso, sob a lease do recurso, e repetir é conflito declarado em vez de segunda escrita
QUAL-REQ-AUD-01;Q0;operator,moderator;recorded,retained;TestRecorderJoinsSharedTransaction,TestBillingAndAdminEventsFitTheTrail;TestAuditEventsRejectUpdatesAndDeletes,TestRecorderRejectsSensitiveMetadata;TestBillingAndAdminEventsFitTheTrail;;TestRecorderJoinsSharedTransaction;internal/audit/adapters/postgres/recorder_test.go::TestRecorderRoundTripAndReplay;A trilha registra autor, ação e justificativa de toda intervenção operacional.;O registro entra na mesma transação da mutação que o exige.;O replay do mesmo evento não duplica o registro da trilha.;A trilha é append-only por privilégio, e metadados sensíveis são recusados.;A trilha guarda metadados tipados, e a recusa de dado sensível é testada.;authorization=A trilha é escrita por dentro das mutações, sem rota própria a autorizar
QUAL-REQ-TRP-01;Q2;visitor;published;TestTransparencyHTMLLocalizesAndCaches,TestMethodologyVersionIsPinned;TestTransparencyJSONLowCountSuppresses,TestTransparencyQuerySelectsNoPrivateData;;;;;;A página e a API são públicas e servem apenas o relatório e os documentos versionados.;A resposta é montada de projeções reconstruíveis, sem escrita.;A metodologia é versionada e fixada, então o relatório se reconstrói do mesmo estado.;A resposta pública é cacheável com política explícita e não carrega dado privado.;A consulta não seleciona dado privado, e contagens baixas são suprimidas.;
QUAL-REQ-TRP-02;Q2;operator;projected;TestMetricsReconstructFromSources,TestRebuildArenaProjectionCanBeDeletedAndRebuilt;;;TestRebuildArenaBatchResumesFromCursor;;;A reconstrução é operação de manutenção, sem superfície de cliente.;A reconstrução apaga e reconstrói projeções a partir dos fatos gravados.;A mesma fonte reconstrói os mesmos números, e o lote retoma do cursor.;A projeção reconstruível não é fonte da verdade: ela é derivada dos fatos.;A reconstrução lê os fatos gravados e não publica dado individual.;negative=A reconstrução não tem entrada a recusar: ela é trabalho de manutenção sobre fatos válidos, e a recusa pertence às métricas que ela recompõe
QUAL-REQ-I18N-01;Q1;visitor,account;resolved;TestMessageReturnsBothLocales,TestLandingPagesRenderInBothLocales;internal/i18n/i18n_test.go::TestMessageRejectsUnknownLocaleAndKey;internal/i18n/i18n_test.go::TestPlaceholdersAndDefaultLocale;;;;;O idioma é do visitante e resolvido no servidor, com padrão declarado.;A mensagem é resolvida por requisição a partir de catálogo embutido.;A mesma chave e o mesmo idioma devolvem a mesma mensagem.;Nenhuma mensagem é montada por concatenação de HTML, e chave desconhecida é recusada.;Os catálogos não carregam dado pessoal.;
QUAL-REQ-I18N-02;Q1;account,visitor;published;TestParseLanguage,TestArenaDocumentUsesContentLanguage;TestArenaSchemaConstraints;;;;;;O idioma é escolhido na criação pelo autor e não muda depois.;O idioma é gravado uma vez com a arena.;Publicar ou reabrir a mesma arena mantém o idioma gravado.;O idioma é validado contra o vocabulário fechado no domínio e no schema.;O idioma da arena é público e não é preferência de conta.;limit=O idioma é um vocabulário fechado de dois valores, então não há limiar nesta regra
QUAL-REQ-I18N-03;Q1;visitor;published;TestRepository_PublicFeedFiltersAndVisibility,TestPublicSearchIndexedLanguageAndModerationExclusion;;TestGetArenaFeedUseCaseClampsLimitsAndValidatesFilters;;;;;O idioma do feed vem do visitante ou da preferência do titular, nunca do conteúdo.;A consulta é única por página, sem escrita.;O mesmo idioma e o mesmo cursor devolvem a mesma página.;O idioma é validado contra o vocabulário antes da consulta parametrizada.;O feed por idioma não acrescenta dado pessoal.;negative=O feed filtrado por idioma não tem recusa própria além do filtro tipado, cuja validação é a de REQ-DISC-03
QUAL-REQ-I18N-04;Q1;visitor,author;published;TestDependencyDirectionAndEnvironmentGate;internal/i18n/i18n_test.go::TestMessageRejectsUnknownLocaleAndKey;;;;;;Nenhum serviço traduz conteúdo de usuário: a ausência é a garantia.;Não há caminho de escrita de tradução, então não há corrida.;O conteúdo é servido como foi publicado, sem reescrita.;A arquitetura recusa dependências que trariam tradução automática.;O texto do usuário não é enviado a terceiros para tradução.;limit=A ausência de tradução automática é categórica, e não há limiar nesta regra
